name,phone
A. Parks,(214) 555-0127
S. Patel,(849) 811-6298
A. Hernandez,(355) 572-5385
G. Carver,(753) 763-8656
Sh. Byers,(912) 925-5332
L. Lutz,(931) 966-1775
L. Bernal,(884) 727-0591
I. Whyte,(811) 979-7345
L. Lott,(954) 706-2219
G. Clarkson,(309) 625-1838
Sh. Dunlap,(604) 581-6642
H. Gallegos,(961) 265-8638
L. Perkins,(317) 996-3104
M. Beach,(481) 422-0282
C. Pearce,(599) 881-5189
A. Hess,(516) 570-6411
M. Lee,(369) 898-6162
R. Booker,(730) 784-6303
A. Crowther,(325) 783-4081
H. Mahoney,(212) 262-8829
J. Brown,(644) 756-0110
H. Stokes,(931) 969-7317
J. Reeves,(940) 981-5113
A. Mcghee,(838) 610-5802
L. Mullen,(798) 331-7777
R. Armstrong,(325) 783-4081
J. Greenaway,(212) 262-8829
K. Kaiser Acosta,(228) 576-1557
D. Kirkpatrick,(773) 696-8009
A. Odonnell,(439) 536-8929
K. Kay,(368) 336-5403
